season,week,home_team,away_team,gameday,game_type,model_spread,model_total,model_home_win_prob,sharp_spread,sharp_total,sharp_home_win_prob,vegas_home_favored_by,vegas_total,vegas_home_win_prob,actual_margin,actual_total,model_correct_pick,model_spread_error,model_total_error,model_brier,model_ats_push,model_ats_correct,sharp_correct_pick,sharp_spread_error,sharp_total_error,sharp_brier,sharp_ats_push,sharp_ats_correct,vegas_correct_pick,vegas_spread_error,vegas_total_error,vegas_brier,vegas_ats_push,vegas_ats_correct,ml_commence_time,ml_home_price,ml_away_price,ml_pick_side,ml_pick_team,ml_pick_price,ml_our_prob,ml_book_prob,ml_edge,ml_value,ml_won,ml_push,ml_units,home_score,away_score
2026,4,Alabama,South Carolina,2026-09-26,REG,9.1,50.1,0.705,12.3,53.6,0.789,12.5,54.5,0.8042929292929294,31.0,67.0,1.0,21.9,16.9,0.087025,0.0,1.0,1.0,11.1,7.0,0.087025,0.0,1.0,1.0,10.5,4.5,,0.0,1.0,2026-09-26T23:00:00Z,-520.0,390.0,home,Alabama,-520.0,0.705,0.8043,-0.0993,False,1.0,0.0,0.1923076923076923,49.0,18.0
2026,4,Auburn,Vanderbilt,2026-09-26,REG,-1.6,54.7,0.463,9.4,54.5,0.721,10.0,54.5,0.7659021045164341,6.0,36.0,0.0,7.6,18.700000000000003,0.2883689999999999,0.0,0.0,1.0,0.0999999999999996,17.700000000000003,0.1218009999999999,0.0,0.0,1.0,0.5,17.5,0.0998203536480144,0.0,0.0,2026-09-26T20:15:00Z,-395.0,310.0,away,Vanderbilt,310.0,0.537,0.2341,0.3029,True,0.0,0.0,-1.0,21.0,15.0
2026,4,Baylor,Colorado,2026-09-26,REG,9.1,48.7,0.705,8.5,53.3,0.752,8.5,54.5,0.7600000000000001,10.0,36.0,1.0,0.9000000000000004,12.700000000000005,0.087025,0.0,1.0,1.0,5.3,9.299999999999995,0.1246089999999999,0.0,1.0,1.0,5.5,8.5,0.1316831437461219,0.0,1.0,2026-09-26T16:00:00Z,-380.0,300.0,home,Baylor,-380.0,0.705,0.76,-0.055,False,1.0,0.0,0.2631578947368421,23.0,13.0
2026,4,Boston College,Virginia Tech,2026-09-26,REG,-4.9,53.8,0.387,-14.0,47.2,0.196,-14.5,45.5,0.1629006831318969,-7.0,35.0,1.0,2.1,18.8,0.149769,0.0,1.0,1.0,3.1999999999999997,1.0,0.056169,0.0,0.0,1.0,3.5,3.5,0.0445640253036128,0.0,0.0,2026-09-26T16:00:00Z,490.0,-675.0,away,Virginia Tech,-675.0,0.613,0.8371,-0.2241,False,1.0,0.0,0.1481481481481481,14.0,21.0
2026,4,California,Clemson,2026-09-25,REG,-0.2,48.5,0.495,-1.4,50.1,0.481,-1.5,50.5,0.4782608695652174,-14.0,34.0,1.0,13.8,14.5,0.245025,0.0,1.0,1.0,12.6,14.5,0.2199609999999999,0.0,1.0,1.0,12.5,14.5,0.2161269005082051,0.0,1.0,2026-09-26T02:30:00Z,100.0,-120.0,home,California,100.0,0.495,0.4783,0.0167,False,0.0,0.0,-1.0,10.0,24.0
2026,4,Cincinnati,Kansas State,2026-09-26,REG,-3.9,56.1,0.409,-5.9,55.6,0.347,-6.0,55.5,0.3363518758085381,5.0,57.0,0.0,8.9,0.8999999999999986,0.3492809999999999,0.0,0.0,1.0,1.9,2.200000000000003,0.1444,0.0,1.0,1.0,1.5,2.5,0.117876695474297,0.0,1.0,2026-09-26T23:00:00Z,185.0,-225.0,away,Kansas State,-225.0,0.591,0.6636,-0.0726,False,0.0,0.0,-1.0,31.0,26.0
2026,4,Florida,Ole Miss,2026-09-26,REG,0.4,56.4,0.509,3.3,58.1,0.59,3.5,58.5,0.6037569709421778,24.0,80.0,1.0,23.6,23.6,0.241081,0.0,1.0,1.0,15.0,26.700000000000003,0.074529,0.0,1.0,1.0,14.5,27.5,0.0550554714060488,0.0,1.0,2026-09-26T19:30:00Z,-170.0,142.0,home,Florida,-170.0,0.509,0.6038,-0.0948,False,1.0,0.0,0.5882352941176471,52.0,28.0
2026,4,Georgia,Oklahoma,2026-09-26,REG,10.8,46.8,0.739,13.4,44.2,0.801,13.5,43.5,0.8118668596237336,28.0,54.0,1.0,17.2,7.200000000000003,0.068121,0.0,1.0,1.0,8.0,6.600000000000001,0.0082809999999999,0.0,1.0,1.0,7.5,6.5,0.0036540876563427,0.0,1.0,2026-09-26T19:30:00Z,-550.0,410.0,home,Georgia,-550.0,0.739,0.8119,-0.0729,False,1.0,0.0,0.1818181818181818,41.0,13.0
2026,4,Indiana,Northwestern,2026-09-25,REG,21.1,53.2,0.894,20.5,50.2,0.91,20.5,49.5,0.912442396313364,6.0,52.0,1.0,15.1,1.2000000000000028,0.0112359999999999,0.0,0.0,1.0,0.7000000000000002,9.799999999999995,0.0399999999999999,0.0,1.0,1.0,1.5,12.5,0.0467900833657196,0.0,1.0,2026-09-26T00:00:00Z,-1800.0,1000.0,away,Northwestern,1000.0,0.106,0.0876,0.0184,False,0.0,0.0,-1.0,29.0,23.0
2026,4,Iowa State,Utah,2026-09-26,REG,-0.7,52.2,0.484,-7.2,48.4,0.299,-7.5,47.5,0.2664576802507837,-14.0,48.0,1.0,13.3,4.200000000000003,0.234256,0.0,1.0,1.0,5.5,0.3999999999999986,0.0116639999999999,0.0,0.0,1.0,6.5,0.5,0.0017813434908442,0.0,0.0,2026-09-26T19:30:00Z,260.0,-325.0,away,Utah,-325.0,0.516,0.7335,-0.2175,False,1.0,0.0,0.3076923076923077,17.0,31.0
2026,4,LSU,Texas A&M,2026-09-26,REG,3.2,46.1,0.575,8.2,51.2,0.719,8.5,52.5,0.7440690150970525,29.0,41.0,1.0,25.8,5.100000000000001,0.180625,0.0,1.0,1.0,4.600000000000001,6.200000000000003,0.180625,0.0,1.0,1.0,3.5,6.5,,0.0,1.0,2026-09-26T23:30:00Z,-345.0,275.0,home,LSU,-345.0,0.575,0.7441,-0.1691,False,1.0,0.0,0.2898550724637681,35.0,6.0
2026,4,Louisville,Wake Forest,2026-09-26,REG,7.8,54.4,0.677,11.3,56.9,0.782,11.5,57.5,0.7999999999999999,-3.0,57.0,0.0,10.8,2.6000000000000014,0.458329,0.0,0.0,0.0,13.4,3.299999999999997,0.5760810000000001,0.0,0.0,0.0,13.5,3.5,0.5991320185382085,0.0,0.0,2026-09-26T16:05:00Z,-500.0,380.0,home,Louisville,-500.0,0.677,0.8,-0.123,False,0.0,0.0,-1.0,27.0,30.0
2026,4,Maryland,UCLA,2026-09-26,REG,4.6,55.5,0.606,-2.1,55.5,0.462,-2.5,55.5,0.4365079365079364,-51.0,57.0,0.0,55.6,1.5,0.367236,0.0,0.0,1.0,9.9,1.5,0.367236,0.0,1.0,1.0,7.5,1.5,,0.0,1.0,2026-09-26T17:30:00Z,120.0,-142.0,home,Maryland,120.0,0.606,0.4365,0.1695,True,0.0,0.0,-1.0,3.0,54.0
2026,4,Michigan,Iowa,2026-09-26,REG,-3.1,46.1,0.427,5.1,40.8,0.623,5.5,39.5,0.6574752261956054,-1.0,39.0,1.0,2.1,7.100000000000001,0.182329,0.0,0.0,0.0,8.0,5.799999999999997,0.4830249999999999,0.0,0.0,0.0,8.5,5.5,0.551412678300121,0.0,0.0,2026-09-26T19:30:00Z,-218.0,180.0,away,Iowa,180.0,0.573,0.3425,0.2305,True,1.0,0.0,1.8,19.0,20.0
2026,4,Michigan State,Nebraska,2026-09-26,REG,-5.5,54.9,0.373,-6.0,49.8,0.342,-6.0,48.5,0.3363518758085381,-18.0,44.0,1.0,12.5,10.9,0.139129,0.0,1.0,1.0,12.0,5.799999999999997,0.116964,0.0,1.0,1.0,12.0,4.5,0.1131325843599222,0.0,1.0,2026-09-26T21:00:00Z,185.0,-225.0,away,Nebraska,-225.0,0.627,0.6636,-0.0366,False,1.0,0.0,0.4444444444444444,13.0,31.0
2026,4,Mississippi State,Missouri,2026-09-26,REG,-1.4,52.6,0.467,4.2,57.3,0.629,4.5,58.5,0.6574752261956054,7.0,55.0,0.0,8.4,2.3999999999999986,0.2840889999999999,0.0,0.0,1.0,2.8,2.5,0.1332249999999999,0.0,1.0,1.0,2.5,2.5,0.112694709543477,0.0,1.0,2026-09-26T23:45:00Z,-218.0,180.0,away,Missouri,180.0,0.533,0.3425,0.1905,True,0.0,0.0,-1.0,31.0,24.0
2026,4,Ohio State,Illinois,2026-09-26,REG,15.3,52.7,0.817,25.0,53.3,0.924,25.5,53.5,0.9431345353675452,23.0,61.0,1.0,7.699999999999999,8.299999999999997,0.033489,0.0,1.0,1.0,10.5,6.100000000000001,0.033489,0.0,0.0,1.0,11.5,5.5,,0.0,0.0,2026-09-26T16:00:00Z,-4000.0,1600.0,home,Ohio State,-4000.0,0.817,0.9431,-0.1261,False,1.0,0.0,0.025,42.0,19.0
2026,4,Penn State,Wisconsin,2026-09-26,REG,15.1,50.7,0.813,10.3,44.9,0.768,10.0,43.5,0.7600000000000001,-4.0,44.0,0.0,19.1,6.700000000000003,0.6609689999999999,0.0,0.0,0.0,14.3,0.8999999999999986,0.589824,0.0,0.0,0.0,14.0,0.5,0.5776000000000002,0.0,0.0,2026-09-26T21:00:00Z,-380.0,300.0,home,Penn State,-380.0,0.813,0.76,0.053,False,0.0,0.0,-1.0,20.0,24.0
2026,4,Purdue,Notre Dame,2026-09-26,REG,-25.1,56.8,0.069,-27.4,57.4,0.056,-27.5,57.5,0.0537383177570093,-39.0,59.0,1.0,13.9,2.200000000000003,0.004761,0.0,1.0,1.0,3.6000000000000014,5.600000000000001,0.004761,0.0,0.0,1.0,4.5,6.5,,0.0,0.0,2026-09-26T18:00:00Z,1700.0,-4500.0,away,Notre Dame,-4500.0,0.931,0.9463,-0.0153,False,1.0,0.0,0.0222222222222222,10.0,49.0
2026,4,Stanford,Georgia Tech,2026-09-26,REG,-7.8,54.8,0.324,-3.2,49.8,0.403,-3.0,48.5,0.4170073589533933,7.0,61.0,0.0,14.8,6.200000000000003,0.4569759999999999,0.0,0.0,0.0,10.2,11.200000000000005,0.356409,0.0,0.0,0.0,10.0,12.5,0.3398804195144975,0.0,0.0,2026-09-27T02:30:00Z,130.0,-155.0,away,Georgia Tech,-155.0,0.676,0.583,0.093,True,0.0,0.0,-1.0,34.0,27.0
2026,4,Tennessee,Texas,2026-09-26,REG,7.0,55.3,0.659,-4.9,54.7,0.401,-5.5,54.5,0.355270821199767,-3.0,37.0,0.0,10.0,18.3,0.434281,0.0,0.0,1.0,2.8,19.3,0.145161,0.0,0.0,1.0,3.5,19.5,0.1100604209249567,0.0,0.0,2026-09-26T16:00:00Z,170.0,-205.0,home,Tennessee,170.0,0.659,0.3553,0.3037,True,0.0,0.0,-1.0,17.0,20.0
2026,4,UCF,TCU,2026-09-26,REG,-6.0,48.6,0.361,-3.2,48.5,0.4,-3.0,48.5,0.4066302458405761,8.0,34.0,0.0,14.0,14.6,0.408321,0.0,0.0,0.0,13.5,15.299999999999995,0.4382439999999999,0.0,0.0,0.0,13.5,15.5,0.4441274263100597,0.0,0.0,2026-09-26T19:30:00Z,136.0,-162.0,away,TCU,-162.0,0.639,0.5934,0.0456,False,0.0,0.0,-1.0,21.0,13.0
2026,4,USC,Oregon,2026-09-26,REG,-6.8,54.6,0.345,-3.7,59.3,0.378,-3.5,60.5,0.3835616438356164,-14.0,68.0,1.0,7.2,13.4,0.1190249999999999,0.0,1.0,1.0,11.3,10.299999999999995,0.140625,0.0,1.0,1.0,11.5,9.5,0.1451154096598234,0.0,1.0,2026-09-26T23:30:00Z,150.0,-180.0,away,Oregon,-180.0,0.655,0.6164,0.0386,False,1.0,0.0,0.5555555555555556,27.0,41.0
2026,4,Washington,Minnesota,2026-09-26,REG,13.0,48.8,0.779,11.6,46.2,0.786,11.5,45.5,0.7867435158501441,-3.0,51.0,0.0,16.0,2.200000000000003,0.6068410000000001,0.0,0.0,0.0,14.6,4.799999999999997,0.617796,0.0,0.0,0.0,14.5,5.5,0.618965359732246,0.0,0.0,2026-09-27T03:00:00Z,-455.0,350.0,home,Washington,-455.0,0.779,0.7867,-0.0077,False,0.0,0.0,-1.0,24.0,27.0
2026,4,West Virginia,Oklahoma State,2026-09-26,REG,5.0,49.4,0.615,1.7,58.3,0.545,1.5,60.5,0.5324675324675325,-17.0,65.0,0.0,22.0,15.6,0.378225,0.0,0.0,1.0,11.1,2.700000000000003,0.062001,0.0,1.0,1.0,10.5,0.5,0.0339642973805276,0.0,1.0,2026-09-26T23:00:00Z,-125.0,105.0,home,West Virginia,-125.0,0.615,0.5325,0.0825,True,0.0,0.0,-1.0,24.0,41.0
2026,5,Arizona,Cincinnati,2026-10-03,REG,6.1,56.0,0.641,7.0,54.8,0.675,7.0,54.5,0.6805555555555556,,,,,,,,,,,,,,,,,,,,,2026-10-04T03:00:00Z,-245.0,200.0,home,Arizona,-245.0,0.641,0.6806,-0.0396,False,,,,,
2026,5,Arizona State,Baylor,2026-10-03,REG,-3.2,45.3,0.425,3.6,50.3,0.573,4.0,51.5,0.5996387718242023,,,,,,,,,,,,,,,,,,,,,2026-10-04T02:30:00Z,-166.0,140.0,away,Baylor,140.0,0.575,0.4004,0.1746,True,,,,,
2026,5,Clemson,Miami,2026-10-03,REG,-9.6,49.1,0.286,-17.1,49.4,0.148,-17.5,49.5,0.1238223418573351,,,,,,,,,,,,,,,,,,,,,2026-10-03T16:00:00Z,675.0,-1050.0,away,Miami,-1050.0,0.714,0.8762,-0.1622,False,,,,,
2026,5,Colorado,Texas Tech,2026-10-03,REG,-17.1,46.4,0.157,-14.6,48.9,0.149,-14.5,49.5,0.1475409836065574,,,,,,,,,,,,,,,,,,,,,2026-10-03T23:30:00Z,550.0,-800.0,away,Texas Tech,-800.0,0.843,0.8525,-0.0095,False,,,,,
2026,5,Florida State,Virginia,2026-10-03,REG,-8.1,54.3,0.315,-2.8,52.1,0.429,-2.5,51.5,0.448558885283451,,,,,,,,,,,,,,,,,,,,,2026-10-03T19:30:00Z,114.0,-135.0,away,Virginia,-135.0,0.685,0.5514,0.1336,True,,,,,
2026,5,Georgia,Vanderbilt,2026-10-03,REG,10.6,53.4,0.734,24.8,53.5,0.905,25.5,53.5,0.9356725146198832,,,,,,,,,,,,,,,,,,,,,2026-10-03T16:45:00Z,-3200.0,1400.0,home,Georgia,-3200.0,0.734,0.9357,-0.2017,False,,,,,
2026,5,Houston,UCF,2026-10-03,REG,8.7,51.8,0.697,11.4,51.6,0.751,11.5,51.5,0.7600000000000001,,,,,,,,,,,,,,,,,,,,,2026-10-03T16:00:00Z,-380.0,300.0,home,Houston,-380.0,0.697,0.76,-0.063,False,,,,,
2026,5,Illinois,Purdue,2026-10-03,REG,13.5,60.5,0.787,10.2,60.5,0.774,10.0,60.5,0.771505376344086,,,,,,,,,,,,,,,,,,,,,2026-10-03T20:15:00Z,-410.0,320.0,home,Illinois,-410.0,0.787,0.7715,0.0155,False,,,,,
2026,5,Iowa,Ohio State,2026-10-03,REG,-4.7,50.1,0.391,-13.1,46.4,0.202,-13.5,45.5,0.1683501683501683,,,,,,,,,,,,,,,,,,,,,2026-10-03T19:30:00Z,470.0,-650.0,away,Ohio State,-650.0,0.609,0.8316,-0.2226,False,,,,,
2026,5,Iowa State,West Virginia,2026-10-03,REG,9.7,50.6,0.717,1.9,52.9,0.555,1.5,53.5,0.5260865852617197,,,,,,,,,,,,,,,,,,,,,2026-10-03T16:00:00Z,-122.0,102.0,home,Iowa State,-122.0,0.717,0.5261,0.1909,True,,,,,
2026,5,Minnesota,Michigan,2026-10-03,REG,-4.4,48.8,0.398,-6.4,45.4,0.331,-6.5,44.5,0.3194444444444444,,,,,,,,,,,,,,,,,,,,,2026-10-03T16:00:00Z,200.0,-245.0,away,Michigan,-245.0,0.602,0.6806,-0.0786,False,,,,,
2026,5,Mississippi State,Alabama,2026-10-03,REG,-6.4,53.9,0.352,-6.0,58.4,0.344,-6.0,59.5,0.3425247738043946,,,,,,,,,,,,,,,,,,,,,2026-10-03T16:00:00Z,180.0,-218.0,away,Alabama,-218.0,0.648,0.6575,-0.0095,False,,,,,
2026,5,Missouri,Florida,2026-10-03,REG,0.6,53.1,0.515,-4.2,55.8,0.379,-4.5,56.5,0.355270821199767,,,,,,,,,,,,,,,,,,,,,2026-10-03T19:30:00Z,170.0,-205.0,home,Missouri,170.0,0.515,0.3553,0.1597,True,,,,,
2026,5,NC State,Louisville,2026-10-03,REG,-3.2,56.0,0.426,-5.9,59.6,0.355,-6.0,60.5,0.3425247738043946,,,,,,,,,,,,,,,,,,,,,2026-10-03T19:30:00Z,180.0,-218.0,away,Louisville,-218.0,0.574,0.6575,-0.0835,False,,,,,
2026,5,Nebraska,Maryland,2026-10-03,REG,10.2,52.8,0.726,13.3,52.6,0.804,13.5,52.5,0.817258883248731,,,,,,,,,,,,,,,,,,,,,2026-10-03T20:00:00Z,-575.0,425.0,home,Nebraska,-575.0,0.726,0.8173,-0.0913,False,,,,,
2026,5,North Carolina,Notre Dame,2026-10-03,REG,-16.2,51.4,0.17,-21.2,49.1,0.089,-21.5,48.5,0.0741839762611276,,,,,,,,,,,,,,,,,,,,,2026-10-03T16:00:00Z,1200.0,-2400.0,away,Notre Dame,-2400.0,0.83,0.9258,-0.0958,False,,,,,
2026,5,Northwestern,Penn State,2026-10-02,REG,-5.6,53.5,0.37,-3.1,48.7,0.41,-3.0,47.5,0.4170073589533933,,,,,,,,,,,,,,,,,,,,,2026-10-03T00:00:00Z,130.0,-155.0,away,Penn State,-155.0,0.63,0.583,0.047,False,,,,,
2026,5,Rutgers,Indiana,2026-10-03,REG,-19.4,56.4,0.126,-23.3,54.9,0.077,-23.5,54.5,0.0688836104513064,,,,,,,,,,,,,,,,,,,,,2026-10-04T00:00:00Z,1300.0,-2800.0,away,Indiana,-2800.0,0.874,0.9311,-0.0571,False,,,,,
2026,5,SMU,Boston College,2026-10-03,REG,14.1,51.3,0.797,20.7,55.5,0.901,21.0,56.5,0.9197080291970804,,,,,,,,,,,,,,,,,,,,,2026-10-03T16:00:00Z,-2100.0,1100.0,home,SMU,-2100.0,0.797,0.9197,-0.1227,False,,,,,
2026,5,South Carolina,Kentucky,2026-10-03,REG,-3.2,52.7,0.426,3.2,53.3,0.582,3.5,53.5,0.6092362344582594,,,,,,,,,,,,,,,,,,,,,2026-10-03T20:15:00Z,-175.0,145.0,away,Kentucky,145.0,0.574,0.3908,0.1832,True,,,,,
2026,5,TCU,BYU,2026-10-03,REG,-1.6,50.1,0.463,-6.3,51.2,0.361,-6.5,51.5,0.3425247738043946,,,,,,,,,,,,,,,,,,,,,2026-10-03T23:00:00Z,180.0,-218.0,away,BYU,-218.0,0.537,0.6575,-0.1205,False,,,,,
2026,5,Tennessee,Auburn,2026-10-03,REG,5.0,50.9,0.617,7.4,53.0,0.709,7.5,53.5,0.725752508361204,,,,,,,,,,,,,,,,,,,,,2026-10-03T19:30:00Z,-310.0,250.0,home,Tennessee,-310.0,0.617,0.7258,-0.1088,False,,,,,
2026,5,Texas A&M,Arkansas,2026-10-03,REG,6.6,52.4,0.652,14.1,51.7,0.822,14.5,51.5,0.8524590163934427,,,,,,,,,,,,,,,,,,,,,2026-10-03T23:00:00Z,-800.0,550.0,home,Texas A&M,-800.0,0.652,0.8525,-0.2005,False,,,,,
2026,5,UConn,Syracuse,2026-10-03,REG,14.4,51.8,0.803,-4.5,52.4,0.392,-5.5,52.5,0.3194444444444444,,,,,,,,,,,,,,,,,,,,,2026-10-03T16:00:00Z,200.0,-245.0,home,UConn,200.0,0.803,0.3194,0.4836,True,,,,,
2026,5,USC,Washington,2026-10-03,REG,-4.6,54.8,0.393,8.8,55.4,0.689,9.5,55.5,0.740871613663133,,,,,,,,,,,,,,,,,,,,,2026-10-03T23:30:00Z,-340.0,270.0,away,Washington,270.0,0.607,0.2591,0.3479,True,,,,,
2026,5,Virginia Tech,Pittsburgh,2026-10-02,REG,-6.5,50.8,0.351,4.0,52.2,0.594,4.5,52.5,0.6369041816941223,,,,,,,,,,,,,,,,,,,,,2026-10-02T23:00:00Z,-198.0,164.0,away,Pittsburgh,164.0,0.649,0.3631,0.2859,True,,,,,
2026,5,Wake Forest,Stanford,2026-10-03,REG,12.3,55.1,0.766,12.5,54.6,0.788,12.5,54.5,0.7913616398243045,,,,,,,,,,,,,,,,,,,,,2026-10-03T16:00:00Z,-470.0,360.0,home,Wake Forest,-470.0,0.766,0.7914,-0.0254,False,,,,,
2026,5,Wisconsin,Michigan State,2026-10-03,REG,6.8,47.6,0.655,9.8,45.1,0.763,10.0,44.5,0.7819063004846527,,,,,,,,,,,,,,,,,,,,,2026-10-03T16:30:00Z,-440.0,340.0,home,Wisconsin,-440.0,0.655,0.7819,-0.1269,False,,,,,
2026,6,Alabama,Georgia,2026-10-10,REG,-0.9,51.3,0.478,-0.9,51.3,0.478,,,,,,,,,,,,,,,,,,,,,,,,,,,,,,,,,,,,,,
2026,6,Arkansas,Tennessee,2026-10-10,REG,-10.1,54.2,0.276,-10.1,54.2,0.276,,,,,,,,,,,,,,,,,,,,,,,,,,,,,,,,,,,,,,
2026,6,BYU,Iowa State,2026-10-09,REG,7.0,50.6,0.659,7.0,50.6,0.659,,,,,,,,,,,,,,,,,,,,,,,,,,,,,,,,,,,,,,
2026,6,California,Virginia Tech,2026-10-10,REG,-1.9,51.0,0.456,-1.9,51.0,0.456,,,,,,,,,,,,,,,,,,,,,,,,,,,,,,,,,,,,,,
2026,6,Florida,South Carolina,2026-10-10,REG,10.4,54.9,0.731,10.4,54.9,0.731,,,,,,,,,,,,,,,,,,,,,,,,,,,,,,,,,,,,,,
2026,6,Georgia Tech,Duke,2026-10-10,REG,-6.5,57.3,0.351,-6.5,57.3,0.351,,,,,,,,,,,,,,,,,,,,,,,,,,,,,,,,,,,,,,
2026,6,Kansas State,Houston,2026-10-10,REG,2.3,55.8,0.555,2.3,55.8,0.555,,,,,,,,,,,,,,,,,,,,,,,,,,,,,,,,,,,,,,
2026,6,Kentucky,LSU,2026-10-10,REG,-4.2,47.6,0.403,-4.2,47.6,0.403,,,,,,,,,,,,,,,,,,,,,,,,,,,,,,,,,,,,,,
2026,6,Louisville,Florida State,2026-10-09,REG,7.8,57.6,0.678,7.8,57.6,0.678,,,,,,,,,,,,,,,,,,,,,,,,,,,,,,,,,,,,,,
2026,6,Michigan State,Illinois,2026-10-10,REG,-4.6,54.9,0.392,-4.6,54.9,0.392,,,,,,,,,,,,,,,,,,,,,,,,,,,,,,,,,,,,,,
2026,6,Missouri,Texas A&M,2026-10-10,REG,6.4,49.7,0.647,6.4,49.7,0.647,,,,,,,,,,,,,,,,,,,,,,,,,,,,,,,,,,,,,,
2026,6,NC State,Wake Forest,2026-10-10,REG,0.2,56.3,0.505,0.2,56.3,0.505,,,,,,,,,,,,,,,,,,,,,,,,,,,,,,,,,,,,,,
2026,6,Nebraska,Indiana,2026-10-10,REG,-10.3,55.9,0.272,-10.3,55.9,0.272,,,,,,,,,,,,,,,,,,,,,,,,,,,,,,,,,,,,,,
2026,6,Notre Dame,Stanford,2026-10-10,REG,27.2,53.5,0.946,27.2,53.5,0.946,,,,,,,,,,,,,,,,,,,,,,,,,,,,,,,,,,,,,,
2026,6,Ohio State,Maryland,2026-10-10,REG,20.3,51.5,0.885,20.3,51.5,0.885,,,,,,,,,,,,,,,,,,,,,,,,,,,,,,,,,,,,,,
2026,6,Oklahoma,Texas,2026-10-10,REG,0.9,42.7,0.52,0.9,42.7,0.52,,,,,,,,,,,,,,,,,,,,,,,,,,,,,,,,,,,,,,
2026,6,Oklahoma State,UCF,2026-10-10,REG,2.0,47.9,0.547,2.0,47.9,0.547,,,,,,,,,,,,,,,,,,,,,,,,,,,,,,,,,,,,,,
2026,6,Oregon,UCLA,2026-10-10,REG,10.8,52.3,0.739,10.8,52.3,0.739,,,,,,,,,,,,,,,,,,,,,,,,,,,,,,,,,,,,,,
2026,6,Penn State,USC,2026-10-10,REG,7.5,56.8,0.67,7.5,56.8,0.67,,,,,,,,,,,,,,,,,,,,,,,,,,,,,,,,,,,,,,
2026,6,Pittsburgh,North Carolina,2026-10-10,REG,11.5,49.2,0.751,11.5,49.2,0.751,,,,,,,,,,,,,,,,,,,,,,,,,,,,,,,,,,,,,,
2026,6,Purdue,Minnesota,2026-10-10,REG,-9.3,56.0,0.292,-9.3,56.0,0.292,,,,,,,,,,,,,,,,,,,,,,,,,,,,,,,,,,,,,,
2026,6,Utah,Kansas,2026-10-10,REG,13.4,54.5,0.786,13.4,54.5,0.786,,,,,,,,,,,,,,,,,,,,,,,,,,,,,,,,,,,,,,
2026,6,Vanderbilt,Ole Miss,2026-10-10,REG,2.9,57.1,0.567,2.9,57.1,0.567,,,,,,,,,,,,,,,,,,,,,,,,,,,,,,,,,,,,,,
2026,6,Virginia,Syracuse,2026-10-10,REG,19.9,47.0,0.88,19.9,47.0,0.88,,,,,,,,,,,,,,,,,,,,,,,,,,,,,,,,,,,,,,
2026,6,Washington,Iowa,2026-10-09,REG,2.3,46.8,0.554,2.3,46.8,0.554,,,,,,,,,,,,,,,,,,,,,,,,,,,,,,,,,,,,,,
2026,6,West Virginia,Arizona,2026-10-10,REG,-10.2,51.0,0.274,-10.2,51.0,0.274,,,,,,,,,,,,,,,,,,,,,,,,,,,,,,,,,,,,,,
2026,7,BYU,Notre Dame,2026-10-17,REG,-6.5,52.1,0.35,-6.5,52.1,0.35,,,,,,,,,,,,,,,,,,,,,,,,,,,,,,,,,,,,,,
2026,7,Baylor,TCU,2026-10-17,REG,-1.4,47.4,0.468,-1.4,47.4,0.468,,,,,,,,,,,,,,,,,,,,,,,,,,,,,,,,,,,,,,
2026,7,Boston College,Pittsburgh,2026-10-17,REG,-11.1,48.4,0.256,-11.1,48.4,0.256,,,,,,,,,,,,,,,,,,,,,,,,,,,,,,,,,,,,,,
2026,7,California,Wake Forest,2026-10-17,REG,-3.7,51.6,0.413,-3.7,51.6,0.413,,,,,,,,,,,,,,,,,,,,,,,,,,,,,,,,,,,,,,
2026,7,Colorado,Utah,2026-10-17,REG,-14.8,50.5,0.19,-14.8,50.5,0.19,,,,,,,,,,,,,,,,,,,,,,,,,,,,,,,,,,,,,,
2026,7,Duke,North Carolina,2026-10-17,REG,10.3,53.6,0.728,10.3,53.6,0.728,,,,,,,,,,,,,,,,,,,,,,,,,,,,,,,,,,,,,,
2026,7,Georgia,Auburn,2026-10-17,REG,11.3,50.0,0.748,11.3,50.0,0.748,,,,,,,,,,,,,,,,,,,,,,,,,,,,,,,,,,,,,,
2026,7,Houston,Oklahoma State,2026-10-17,REG,8.6,53.7,0.694,8.6,53.7,0.694,,,,,,,,,,,,,,,,,,,,,,,,,,,,,,,,,,,,,,
2026,7,Indiana,Ohio State,2026-10-17,REG,3.9,54.6,0.591,3.9,54.6,0.591,,,,,,,,,,,,,,,,,,,,,,,,,,,,,,,,,,,,,,
2026,7,Kansas State,Kansas,2026-10-17,REG,8.5,53.8,0.691,8.5,53.8,0.691,,,,,,,,,,,,,,,,,,,,,,,,,,,,,,,,,,,,,,
2026,7,LSU,Mississippi State,2026-10-17,REG,7.8,49.9,0.677,7.8,49.9,0.677,,,,,,,,,,,,,,,,,,,,,,,,,,,,,,,,,,,,,,
2026,7,Maryland,Rutgers,2026-10-17,REG,2.7,53.3,0.563,2.7,53.3,0.563,,,,,,,,,,,,,,,,,,,,,,,,,,,,,,,,,,,,,,
2026,7,Miami,Florida State,2026-10-17,REG,17.0,57.8,0.843,17.0,57.8,0.843,,,,,,,,,,,,,,,,,,,,,,,,,,,,,,,,,,,,,,
2026,7,Michigan,Penn State,2026-10-17,REG,-0.3,49.5,0.493,-0.3,49.5,0.493,,,,,,,,,,,,,,,,,,,,,,,,,,,,,,,,,,,,,,
2026,7,Michigan State,Northwestern,2026-10-17,REG,-5.1,53.0,0.383,-5.1,53.0,0.383,,,,,,,,,,,,,,,,,,,,,,,,,,,,,,,,,,,,,,
2026,7,Oklahoma,Kentucky,2026-10-17,REG,1.9,44.3,0.546,1.9,44.3,0.546,,,,,,,,,,,,,,,,,,,,,,,,,,,,,,,,,,,,,,
2026,7,Ole Miss,Missouri,2026-10-17,REG,1.1,54.2,0.526,1.1,54.2,0.526,,,,,,,,,,,,,,,,,,,,,,,,,,,,,,,,,,,,,,
2026,7,Oregon,Nebraska,2026-10-17,REG,9.1,55.0,0.704,9.1,55.0,0.704,,,,,,,,,,,,,,,,,,,,,,,,,,,,,,,,,,,,,,
2026,7,Purdue,Washington,2026-10-16,REG,-18.5,54.7,0.137,-18.5,54.7,0.137,,,,,,,,,,,,,,,,,,,,,,,,,,,,,,,,,,,,,,
2026,7,SMU,Virginia,2026-10-17,REG,0.2,50.8,0.505,0.2,50.8,0.505,,,,,,,,,,,,,,,,,,,,,,,,,,,,,,,,,,,,,,
2026,7,Syracuse,Louisville,2026-10-17,REG,-12.2,50.3,0.236,-12.2,50.3,0.236,,,,,,,,,,,,,,,,,,,,,,,,,,,,,,,,,,,,,,
2026,7,Tennessee,Alabama,2026-10-17,REG,-1.6,52.2,0.462,-1.6,52.2,0.462,,,,,,,,,,,,,,,,,,,,,,,,,,,,,,,,,,,,,,
2026,7,Texas,Florida,2026-10-17,REG,-0.5,52.7,0.487,-0.5,52.7,0.487,,,,,,,,,,,,,,,,,,,,,,,,,,,,,,,,,,,,,,
2026,7,Texas Tech,Arizona State,2026-10-17,REG,18.9,45.5,0.867,18.9,45.5,0.867,,,,,,,,,,,,,,,,,,,,,,,,,,,,,,,,,,,,,,
2026,7,UCLA,Wisconsin,2026-10-17,REG,6.5,47.9,0.649,6.5,47.9,0.649,,,,,,,,,,,,,,,,,,,,,,,,,,,,,,,,,,,,,,
2026,7,Vanderbilt,Arkansas,2026-10-17,REG,11.4,55.2,0.749,11.4,55.2,0.749,,,,,,,,,,,,,,,,,,,,,,,,,,,,,,,,,,,,,,
2026,7,Virginia Tech,Georgia Tech,2026-10-17,REG,3.1,55.9,0.573,3.1,55.9,0.573,,,,,,,,,,,,,,,,,,,,,,,,,,,,,,,,,,,,,,
2026,7,West Virginia,Cincinnati,2026-10-17,REG,-5.9,57.3,0.363,-5.9,57.3,0.363,,,,,,,,,,,,,,,,,,,,,,,,,,,,,,,,,,,,,,
2026,8,Alabama,Texas A&M,2026-10-24,REG,12.5,50.5,0.77,12.5,50.5,0.77,,,,,,,,,,,,,,,,,,,,,,,,,,,,,,,,,,,,,,
2026,8,Arizona,Iowa State,2026-10-24,REG,6.1,49.4,0.64,6.1,49.4,0.64,,,,,,,,,,,,,,,,,,,,,,,,,,,,,,,,,,,,,,
2026,8,Arizona State,Kansas State,2026-10-24,REG,-7.9,48.9,0.32,-7.9,48.9,0.32,,,,,,,,,,,,,,,,,,,,,,,,,,,,,,,,,,,,,,
2026,8,Auburn,LSU,2026-10-24,REG,-2.4,45.7,0.444,-2.4,45.7,0.444,,,,,,,,,,,,,,,,,,,,,,,,,,,,,,,,,,,,,,
2026,8,Cincinnati,Texas Tech,2026-10-24,REG,-8.5,54.8,0.307,-8.5,54.8,0.307,,,,,,,,,,,,,,,,,,,,,,,,,,,,,,,,,,,,,,
2026,8,Clemson,Virginia Tech,2026-10-24,REG,4.8,48.6,0.612,4.8,48.6,0.612,,,,,,,,,,,,,,,,,,,,,,,,,,,,,,,,,,,,,,
2026,8,Georgia Tech,Boston College,2026-10-24,REG,5.2,53.5,0.621,5.2,53.5,0.621,,,,,,,,,,,,,,,,,,,,,,,,,,,,,,,,,,,,,,
2026,8,Illinois,Oregon,2026-10-24,REG,-10.1,56.2,0.275,-10.1,56.2,0.275,,,,,,,,,,,,,,,,,,,,,,,,,,,,,,,,,,,,,,
2026,8,Kansas,Baylor,2026-10-24,REG,0.0,50.3,0.5,0.0,50.3,0.5,,,,,,,,,,,,,,,,,,,,,,,,,,,,,,,,,,,,,,
2026,8,Kentucky,Vanderbilt,2026-10-24,REG,-0.7,53.8,0.484,-0.7,53.8,0.484,,,,,,,,,,,,,,,,,,,,,,,,,,,,,,,,,,,,,,
2026,8,Miami,Pittsburgh,2026-10-24,REG,7.9,51.3,0.68,7.9,51.3,0.68,,,,,,,,,,,,,,,,,,,,,,,,,,,,,,,,,,,,,,
2026,8,Michigan,Indiana,2026-10-24,REG,-9.2,51.3,0.293,-9.2,51.3,0.293,,,,,,,,,,,,,,,,,,,,,,,,,,,,,,,,,,,,,,
2026,8,Minnesota,Iowa,2026-10-24,REG,-7.0,48.1,0.341,-7.0,48.1,0.341,,,,,,,,,,,,,,,,,,,,,,,,,,,,,,,,,,,,,,
2026,8,Mississippi State,Oklahoma,2026-10-24,REG,1.9,46.6,0.545,1.9,46.6,0.545,,,,,,,,,,,,,,,,,,,,,,,,,,,,,,,,,,,,,,
2026,8,North Carolina,Syracuse,2026-10-24,REG,9.4,48.4,0.711,9.4,48.4,0.711,,,,,,,,,,,,,,,,,,,,,,,,,,,,,,,,,,,,,,
2026,8,Northwestern,Rutgers,2026-10-24,REG,6.7,56.6,0.653,6.7,56.6,0.653,,,,,,,,,,,,,,,,,,,,,,,,,,,,,,,,,,,,,,
2026,8,Oklahoma State,Colorado,2026-10-24,REG,6.4,47.7,0.647,6.4,47.7,0.647,,,,,,,,,,,,,,,,,,,,,,,,,,,,,,,,,,,,,,
2026,8,SMU,California,2026-10-24,REG,13.2,50.9,0.782,13.2,50.9,0.782,,,,,,,,,,,,,,,,,,,,,,,,,,,,,,,,,,,,,,
2026,8,South Carolina,Tennessee,2026-10-24,REG,-8.1,53.3,0.315,-8.1,53.3,0.315,,,,,,,,,,,,,,,,,,,,,,,,,,,,,,,,,,,,,,
2026,8,Stanford,NC State,2026-10-23,REG,-6.9,56.3,0.342,-6.9,56.3,0.342,,,,,,,,,,,,,,,,,,,,,,,,,,,,,,,,,,,,,,
2026,8,TCU,West Virginia,2026-10-24,REG,11.3,50.1,0.748,11.3,50.1,0.748,,,,,,,,,,,,,,,,,,,,,,,,,,,,,,,,,,,,,,
2026,8,Texas,Ole Miss,2026-10-24,REG,1.4,53.8,0.534,1.4,53.8,0.534,,,,,,,,,,,,,,,,,,,,,,,,,,,,,,,,,,,,,,
2026,8,UCF,BYU,2026-10-24,REG,-7.4,49.1,0.331,-7.4,49.1,0.331,,,,,,,,,,,,,,,,,,,,,,,,,,,,,,,,,,,,,,
2026,8,UCLA,Michigan State,2026-10-24,REG,11.4,50.9,0.749,11.4,50.9,0.749,,,,,,,,,,,,,,,,,,,,,,,,,,,,,,,,,,,,,,
2026,8,Utah,Houston,2026-10-24,REG,7.3,56.5,0.667,7.3,56.5,0.667,,,,,,,,,,,,,,,,,,,,,,,,,,,,,,,,,,,,,,
2026,8,Virginia,Duke,2026-10-23,REG,4.0,52.2,0.593,4.0,52.2,0.593,,,,,,,,,,,,,,,,,,,,,,,,,,,,,,,,,,,,,,
2026,8,Wisconsin,USC,2026-10-24,REG,-2.1,53.4,0.451,-2.1,53.4,0.451,,,,,,,,,,,,,,,,,,,,,,,,,,,,,,,,,,,,,,
2026,9,Arkansas,Missouri,2026-10-31,REG,-7.4,52.3,0.331,-7.4,52.3,0.331,,,,,,,,,,,,,,,,,,,,,,,,,,,,,,,,,,,,,,
2026,9,BYU,Arizona State,2026-10-31,REG,13.6,48.0,0.789,13.6,48.0,0.789,,,,,,,,,,,,,,,,,,,,,,,,,,,,,,,,,,,,,,
2026,9,Cincinnati,Utah,2026-10-31,REG,-6.3,58.9,0.355,-6.3,58.9,0.355,,,,,,,,,,,,,,,,,,,,,,,,,,,,,,,,,,,,,,
2026,9,Colorado,Kansas State,2026-10-31,REG,-9.9,49.8,0.28,-9.9,49.8,0.28,,,,,,,,,,,,,,,,,,,,,,,,,,,,,,,,,,,,,,
2026,9,Duke,Boston College,2026-10-31,REG,13.6,52.8,0.789,13.6,52.8,0.789,,,,,,,,,,,,,,,,,,,,,,,,,,,,,,,,,,,,,,
2026,9,Florida State,Clemson,2026-10-31,REG,-1.9,52.1,0.456,-1.9,52.1,0.456,,,,,,,,,,,,,,,,,,,,,,,,,,,,,,,,,,,,,,
2026,9,Georgia,Florida,2026-10-31,REG,9.6,54.1,0.715,9.6,54.1,0.715,,,,,,,,,,,,,,,,,,,,,,,,,,,,,,,,,,,,,,
2026,9,Indiana,Minnesota,2026-10-31,REG,19.2,52.6,0.872,19.2,52.6,0.872,,,,,,,,,,,,,,,,,,,,,,,,,,,,,,,,,,,,,,
2026,9,Iowa,Wisconsin,2026-10-31,REG,11.8,45.3,0.757,11.8,45.3,0.757,,,,,,,,,,,,,,,,,,,,,,,,,,,,,,,,,,,,,,
2026,9,Iowa State,Oklahoma State,2026-10-31,REG,5.9,49.4,0.637,5.9,49.4,0.637,,,,,,,,,,,,,,,,,,,,,,,,,,,,,,,,,,,,,,
2026,9,Louisville,Stanford,2026-10-31,REG,15.6,54.8,0.822,15.6,54.8,0.822,,,,,,,,,,,,,,,,,,,,,,,,,,,,,,,,,,,,,,
2026,9,Maryland,Illinois,2026-10-31,REG,-1.7,54.0,0.46,-1.7,54.0,0.46,,,,,,,,,,,,,,,,,,,,,,,,,,,,,,,,,,,,,,
2026,9,NC State,California,2026-10-31,REG,5.8,52.8,0.633,5.8,52.8,0.633,,,,,,,,,,,,,,,,,,,,,,,,,,,,,,,,,,,,,,
2026,9,Nebraska,Washington,2026-10-31,REG,-2.2,52.1,0.449,-2.2,52.1,0.449,,,,,,,,,,,,,,,,,,,,,,,,,,,,,,,,,,,,,,
2026,9,North Carolina,Miami,2026-10-31,REG,-13.8,52.7,0.207,-13.8,52.7,0.207,,,,,,,,,,,,,,,,,,,,,,,,,,,,,,,,,,,,,,
2026,9,Oklahoma,South Carolina,2026-10-31,REG,7.0,44.9,0.66,7.0,44.9,0.66,,,,,,,,,,,,,,,,,,,,,,,,,,,,,,,,,,,,,,
2026,9,Ole Miss,Auburn,2026-10-31,REG,1.6,53.6,0.537,1.6,53.6,0.537,,,,,,,,,,,,,,,,,,,,,,,,,,,,,,,,,,,,,,
2026,9,Oregon,Northwestern,2026-10-31,REG,13.4,54.4,0.786,13.4,54.4,0.786,,,,,,,,,,,,,,,,,,,,,,,,,,,,,,,,,,,,,,
2026,9,Penn State,Purdue,2026-10-31,REG,21.4,56.7,0.897,21.4,56.7,0.897,,,,,,,,,,,,,,,,,,,,,,,,,,,,,,,,,,,,,,
2026,9,Pittsburgh,Georgia Tech,2026-10-31,REG,11.5,52.9,0.751,11.5,52.9,0.751,,,,,,,,,,,,,,,,,,,,,,,,,,,,,,,,,,,,,,
2026,9,Rutgers,Michigan,2026-10-31,REG,-8.3,52.6,0.312,-8.3,52.6,0.312,,,,,,,,,,,,,,,,,,,,,,,,,,,,,,,,,,,,,,
2026,9,Syracuse,SMU,2026-10-31,REG,-14.6,49.9,0.195,-14.6,49.9,0.195,,,,,,,,,,,,,,,,,,,,,,,,,,,,,,,,,,,,,,
2026,9,TCU,Kansas,2026-10-31,REG,7.0,50.8,0.659,7.0,50.8,0.659,,,,,,,,,,,,,,,,,,,,,,,,,,,,,,,,,,,,,,
2026,9,Texas,Mississippi State,2026-10-31,REG,2.8,52.8,0.566,2.8,52.8,0.566,,,,,,,,,,,,,,,,,,,,,,,,,,,,,,,,,,,,,,
2026,9,Texas Tech,Arizona,2026-10-31,REG,8.0,48.5,0.682,8.0,48.5,0.682,,,,,,,,,,,,,,,,,,,,,,,,,,,,,,,,,,,,,,
2026,9,UCF,Baylor,2026-10-30,REG,-0.7,46.4,0.483,-0.7,46.4,0.483,,,,,,,,,,,,,,,,,,,,,,,,,,,,,,,,,,,,,,
2026,9,USC,Ohio State,2026-10-31,REG,-10.7,58.2,0.264,-10.7,58.2,0.264,,,,,,,,,,,,,,,,,,,,,,,,,,,,,,,,,,,,,,
2026,9,Wake Forest,Virginia,2026-10-31,REG,-5.5,51.5,0.372,-5.5,51.5,0.372,,,,,,,,,,,,,,,,,,,,,,,,,,,,,,,,,,,,,,
2026,10,Arizona,TCU,2026-11-06,REG,4.4,48.9,0.604,4.4,48.9,0.604,,,,,,,,,,,,,,,,,,,,,,,,,,,,,,,,,,,,,,
2026,10,Arizona State,Colorado,2026-11-07,REG,3.8,44.7,0.589,3.8,44.7,0.589,,,,,,,,,,,,,,,,,,,,,,,,,,,,,,,,,,,,,,
2026,10,Auburn,Arkansas,2026-11-07,REG,10.7,51.7,0.735,10.7,51.7,0.735,,,,,,,,,,,,,,,,,,,,,,,,,,,,,,,,,,,,,,
2026,10,Baylor,Iowa State,2026-11-07,REG,0.3,47.9,0.506,0.3,47.9,0.506,,,,,,,,,,,,,,,,,,,,,,,,,,,,,,,,,,,,,,
2026,10,Boston College,Florida State,2026-11-07,REG,-2.0,54.9,0.454,-2.0,54.9,0.454,,,,,,,,,,,,,,,,,,,,,,,,,,,,,,,,,,,,,,
2026,10,Florida,Oklahoma,2026-11-07,REG,5.3,46.6,0.623,5.3,46.6,0.623,,,,,,,,,,,,,,,,,,,,,,,,,,,,,,,,,,,,,,
2026,10,Georgia Tech,Louisville,2026-11-07,REG,-4.6,56.3,0.393,-4.6,56.3,0.393,,,,,,,,,,,,,,,,,,,,,,,,,,,,,,,,,,,,,,
2026,10,Houston,Cincinnati,2026-11-07,REG,4.6,60.0,0.607,4.6,60.0,0.607,,,,,,,,,,,,,,,,,,,,,,,,,,,,,,,,,,,,,,
2026,10,Illinois,Nebraska,2026-11-06,REG,-2.9,58.0,0.432,-2.9,58.0,0.432,,,,,,,,,,,,,,,,,,,,,,,,,,,,,,,,,,,,,,
2026,10,Kansas,UCF,2026-11-07,REG,2.6,49.8,0.561,2.6,49.8,0.561,,,,,,,,,,,,,,,,,,,,,,,,,,,,,,,,,,,,,,
2026,10,Kansas State,Oklahoma State,2026-11-07,REG,9.1,51.9,0.704,9.1,51.9,0.704,,,,,,,,,,,,,,,,,,,,,,,,,,,,,,,,,,,,,,
2026,10,LSU,Alabama,2026-11-07,REG,-0.5,47.0,0.487,-0.5,47.0,0.487,,,,,,,,,,,,,,,,,,,,,,,,,,,,,,,,,,,,,,
2026,10,Michigan,Michigan State,2026-11-07,REG,14.1,49.1,0.798,14.1,49.1,0.798,,,,,,,,,,,,,,,,,,,,,,,,,,,,,,,,,,,,,,
2026,10,Minnesota,UCLA,2026-11-07,REG,-1.6,50.7,0.461,-1.6,50.7,0.461,,,,,,,,,,,,,,,,,,,,,,,,,,,,,,,,,,,,,,
2026,10,Mississippi State,Vanderbilt,2026-11-07,REG,-0.5,56.1,0.488,-0.5,56.1,0.488,,,,,,,,,,,,,,,,,,,,,,,,,,,,,,,,,,,,,,
2026,10,Missouri,Texas,2026-11-07,REG,3.1,49.2,0.572,3.1,49.2,0.572,,,,,,,,,,,,,,,,,,,,,,,,,,,,,,,,,,,,,,
2026,10,NC State,Duke,2026-11-07,REG,-5.1,57.0,0.383,-5.1,57.0,0.383,,,,,,,,,,,,,,,,,,,,,,,,,,,,,,,,,,,,,,
2026,10,Northwestern,Iowa,2026-11-07,REG,-6.0,50.7,0.361,-6.0,50.7,0.361,,,,,,,,,,,,,,,,,,,,,,,,,,,,,,,,,,,,,,
2026,10,Notre Dame,Miami,2026-11-07,REG,4.2,53.4,0.599,4.2,53.4,0.599,,,,,,,,,,,,,,,,,,,,,,,,,,,,,,,,,,,,,,
2026,10,Ohio State,Oregon,2026-11-07,REG,4.7,53.7,0.61,4.7,53.7,0.61,,,,,,,,,,,,,,,,,,,,,,,,,,,,,,,,,,,,,,
2026,10,Ole Miss,Georgia,2026-11-07,REG,-7.9,55.2,0.321,-7.9,55.2,0.321,,,,,,,,,,,,,,,,,,,,,,,,,,,,,,,,,,,,,,
2026,10,Purdue,Maryland,2026-11-07,REG,-6.2,55.3,0.358,-6.2,55.3,0.358,,,,,,,,,,,,,,,,,,,,,,,,,,,,,,,,,,,,,,
2026,10,SMU,Virginia Tech,2026-11-06,REG,9.5,53.7,0.712,9.5,53.7,0.712,,,,,,,,,,,,,,,,,,,,,,,,,,,,,,,,,,,,,,
2026,10,South Carolina,Texas A&M,2026-11-07,REG,-0.9,51.5,0.478,-0.9,51.5,0.478,,,,,,,,,,,,,,,,,,,,,,,,,,,,,,,,,,,,,,
2026,10,Syracuse,Clemson,2026-11-07,REG,-9.9,44.8,0.279,-9.9,44.8,0.279,,,,,,,,,,,,,,,,,,,,,,,,,,,,,,,,,,,,,,
2026,10,Tennessee,Kentucky,2026-11-07,REG,6.8,52.8,0.657,6.8,52.8,0.657,,,,,,,,,,,,,,,,,,,,,,,,,,,,,,,,,,,,,,
2026,10,Texas Tech,West Virginia,2026-11-07,REG,20.1,49.7,0.882,20.1,49.7,0.882,,,,,,,,,,,,,,,,,,,,,,,,,,,,,,,,,,,,,,
2026,10,UConn,North Carolina,2026-11-07,REG,6.9,54.1,0.658,6.9,54.1,0.658,,,,,,,,,,,,,,,,,,,,,,,,,,,,,,,,,,,,,,
2026,10,Utah,BYU,2026-11-07,REG,4.9,53.8,0.614,4.9,53.8,0.614,,,,,,,,,,,,,,,,,,,,,,,,,,,,,,,,,,,,,,
2026,10,Washington,Penn State,2026-11-07,REG,2.7,49.5,0.564,2.7,49.5,0.564,,,,,,,,,,,,,,,,,,,,,,,,,,,,,,,,,,,,,,
2026,10,Wisconsin,Rutgers,2026-11-07,REG,4.6,51.2,0.608,4.6,51.2,0.608,,,,,,,,,,,,,,,,,,,,,,,,,,,,,,,,,,,,,,
2026,11,Arizona,Utah,2026-11-14,REG,-2.0,52.6,0.452,-2.0,52.6,0.452,,,,,,,,,,,,,,,,,,,,,,,,,,,,,,,,,,,,,,
2026,11,Arkansas,South Carolina,2026-11-14,REG,-0.1,54.1,0.498,-0.1,54.1,0.498,,,,,,,,,,,,,,,,,,,,,,,,,,,,,,,,,,,,,,
2026,11,BYU,Baylor,2026-11-14,REG,8.6,49.6,0.693,8.6,49.6,0.693,,,,,,,,,,,,,,,,,,,,,,,,,,,,,,,,,,,,,,
2026,11,Clemson,Georgia Tech,2026-11-14,REG,6.1,50.7,0.64,6.1,50.7,0.64,,,,,,,,,,,,,,,,,,,,,,,,,,,,,,,,,,,,,,
2026,11,Colorado,Houston,2026-11-13,REG,-9.4,51.6,0.289,-9.4,51.6,0.289,,,,,,,,,,,,,,,,,,,,,,,,,,,,,,,,,,,,,,
2026,11,Georgia,Missouri,2026-11-14,REG,10.8,50.5,0.739,10.8,50.5,0.739,,,,,,,,,,,,,,,,,,,,,,,,,,,,,,,,,,,,,,
2026,11,Indiana,USC,2026-11-14,REG,16.4,58.6,0.834,16.4,58.6,0.834,,,,,,,,,,,,,,,,,,,,,,,,,,,,,,,,,,,,,,
2026,11,Iowa,Purdue,2026-11-14,REG,21.8,53.9,0.901,21.8,53.9,0.901,,,,,,,,,,,,,,,,,,,,,,,,,,,,,,,,,,,,,,
2026,11,Iowa State,Cincinnati,2026-11-14,REG,1.9,55.7,0.545,1.9,55.7,0.545,,,,,,,,,,,,,,,,,,,,,,,,,,,,,,,,,,,,,,
2026,11,Kentucky,Florida,2026-11-14,REG,-1.6,54.4,0.461,-1.6,54.4,0.461,,,,,,,,,,,,,,,,,,,,,,,,,,,,,,,,,,,,,,
2026,11,LSU,Texas,2026-11-14,REG,6.8,45.9,0.656,6.8,45.9,0.656,,,,,,,,,,,,,,,,,,,,,,,,,,,,,,,,,,,,,,
2026,11,Maryland,Wisconsin,2026-11-14,REG,-0.1,46.7,0.498,-0.1,46.7,0.498,,,,,,,,,,,,,,,,,,,,,,,,,,,,,,,,,,,,,,
2026,11,Miami,Duke,2026-11-14,REG,9.1,55.6,0.705,9.1,55.6,0.705,,,,,,,,,,,,,,,,,,,,,,,,,,,,,,,,,,,,,,
2026,11,Michigan State,Washington,2026-11-14,REG,-13.4,49.1,0.214,-13.4,49.1,0.214,,,,,,,,,,,,,,,,,,,,,,,,,,,,,,,,,,,,,,
2026,11,Mississippi State,Auburn,2026-11-14,REG,0.2,52.6,0.505,0.2,52.6,0.505,,,,,,,,,,,,,,,,,,,,,,,,,,,,,,,,,,,,,,
2026,11,NC State,Syracuse,2026-11-14,REG,10.9,51.8,0.74,10.9,51.8,0.74,,,,,,,,,,,,,,,,,,,,,,,,,,,,,,,,,,,,,,
2026,11,North Carolina,Louisville,2026-11-14,REG,-4.6,52.6,0.392,-4.6,52.6,0.392,,,,,,,,,,,,,,,,,,,,,,,,,,,,,,,,,,,,,,
2026,11,Notre Dame,Boston College,2026-11-14,REG,23.2,50.5,0.915,23.2,50.5,0.915,,,,,,,,,,,,,,,,,,,,,,,,,,,,,,,,,,,,,,
2026,11,Ohio State,Northwestern,2026-11-14,REG,16.3,54.8,0.832,16.3,54.8,0.832,,,,,,,,,,,,,,,,,,,,,,,,,,,,,,,,,,,,,,
2026,11,Oklahoma,Ole Miss,2026-11-14,REG,0.4,47.6,0.51,0.4,47.6,0.51,,,,,,,,,,,,,,,,,,,,,,,,,,,,,,,,,,,,,,
2026,11,Oklahoma State,Texas Tech,2026-11-14,REG,-12.5,48.5,0.229,-12.5,48.5,0.229,,,,,,,,,,,,,,,,,,,,,,,,,,,,,,,,,,,,,,
2026,11,Oregon,Michigan,2026-11-14,REG,8.1,50.4,0.683,8.1,50.4,0.683,,,,,,,,,,,,,,,,,,,,,,,,,,,,,,,,,,,,,,
2026,11,Penn State,Minnesota,2026-11-14,REG,10.3,50.8,0.728,10.3,50.8,0.728,,,,,,,,,,,,,,,,,,,,,,,,,,,,,,,,,,,,,,
2026,11,Pittsburgh,Florida State,2026-11-13,REG,11.0,54.2,0.742,11.0,54.2,0.742,,,,,,,,,,,,,,,,,,,,,,,,,,,,,,,,,,,,,,
2026,11,Rutgers,Nebraska,2026-11-14,REG,-7.3,57.3,0.334,-7.3,57.3,0.334,,,,,,,,,,,,,,,,,,,,,,,,,,,,,,,,,,,,,,
2026,11,SMU,Wake Forest,2026-11-14,REG,7.6,54.4,0.673,7.6,54.4,0.673,,,,,,,,,,,,,,,,,,,,,,,,,,,,,,,,,,,,,,
2026,11,TCU,Kansas State,2026-11-14,REG,0.4,51.0,0.508,0.4,51.0,0.508,,,,,,,,,,,,,,,,,,,,,,,,,,,,,,,,,,,,,,
2026,11,Texas A&M,Tennessee,2026-11-14,REG,-5.3,51.6,0.376,-5.3,51.6,0.376,,,,,,,,,,,,,,,,,,,,,,,,,,,,,,,,,,,,,,
2026,11,UCF,Arizona State,2026-11-14,REG,4.3,44.9,0.601,4.3,44.9,0.601,,,,,,,,,,,,,,,,,,,,,,,,,,,,,,,,,,,,,,
2026,11,UCLA,Illinois,2026-11-13,REG,4.9,55.2,0.613,4.9,55.2,0.613,,,,,,,,,,,,,,,,,,,,,,,,,,,,,,,,,,,,,,
2026,11,Vanderbilt,Alabama,2026-11-14,REG,-4.1,53.2,0.405,-4.1,53.2,0.405,,,,,,,,,,,,,,,,,,,,,,,,,,,,,,,,,,,,,,
2026,11,Virginia,California,2026-11-14,REG,14.8,48.0,0.809,14.8,48.0,0.809,,,,,,,,,,,,,,,,,,,,,,,,,,,,,,,,,,,,,,
2026,11,Virginia Tech,Stanford,2026-11-14,REG,10.4,54.4,0.731,10.4,54.4,0.731,,,,,,,,,,,,,,,,,,,,,,,,,,,,,,,,,,,,,,
2026,11,West Virginia,Kansas,2026-11-14,REG,-2.5,52.9,0.441,-2.5,52.9,0.441,,,,,,,,,,,,,,,,,,,,,,,,,,,,,,,,,,,,,,
2026,12,Arizona State,Oklahoma State,2026-11-21,REG,-0.7,46.8,0.483,-0.7,46.8,0.483,,,,,,,,,,,,,,,,,,,,,,,,,,,,,,,,,,,,,,
2026,12,Baylor,Texas Tech,2026-11-21,REG,-10.1,47.0,0.276,-10.1,47.0,0.276,,,,,,,,,,,,,,,,,,,,,,,,,,,,,,,,,,,,,,
2026,12,Boston College,Syracuse,2026-11-21,REG,6.1,47.6,0.641,6.1,47.6,0.641,,,,,,,,,,,,,,,,,,,,,,,,,,,,,,,,,,,,,,
2026,12,California,Stanford,2026-11-21,REG,6.7,51.6,0.654,6.7,51.6,0.654,,,,,,,,,,,,,,,,,,,,,,,,,,,,,,,,,,,,,,
2026,12,Cincinnati,Colorado,2026-11-21,REG,10.4,54.0,0.731,10.4,54.0,0.731,,,,,,,,,,,,,,,,,,,,,,,,,,,,,,,,,,,,,,
2026,12,Duke,Clemson,2026-11-20,REG,6.0,50.0,0.639,6.0,50.0,0.639,,,,,,,,,,,,,,,,,,,,,,,,,,,,,,,,,,,,,,
2026,12,Florida,Vanderbilt,2026-11-21,REG,2.8,56.0,0.567,2.8,56.0,0.567,,,,,,,,,,,,,,,,,,,,,,,,,,,,,,,,,,,,,,
2026,12,Florida State,NC State,2026-11-21,REG,0.9,59.1,0.521,0.9,59.1,0.521,,,,,,,,,,,,,,,,,,,,,,,,,,,,,,,,,,,,,,
2026,12,Georgia Tech,Wake Forest,2026-11-21,REG,-1.2,56.5,0.471,-1.2,56.5,0.471,,,,,,,,,,,,,,,,,,,,,,,,,,,,,,,,,,,,,,
2026,12,Illinois,Iowa,2026-11-21,REG,-6.5,52.6,0.351,-6.5,52.6,0.351,,,,,,,,,,,,,,,,,,,,,,,,,,,,,,,,,,,,,,
2026,12,Kansas,BYU,2026-11-21,REG,-6.7,53.0,0.347,-6.7,53.0,0.347,,,,,,,,,,,,,,,,,,,,,,,,,,,,,,,,,,,,,,
2026,12,Kansas State,Arizona,2026-11-21,REG,0.8,51.9,0.519,0.8,51.9,0.519,,,,,,,,,,,,,,,,,,,,,,,,,,,,,,,,,,,,,,
2026,12,Louisville,Pittsburgh,2026-11-21,REG,-1.3,51.1,0.47,-1.3,51.1,0.47,,,,,,,,,,,,,,,,,,,,,,,,,,,,,,,,,,,,,,
2026,12,Miami,Virginia Tech,2026-11-21,REG,16.3,54.3,0.831,16.3,54.3,0.831,,,,,,,,,,,,,,,,,,,,,,,,,,,,,,,,,,,,,,
2026,12,Michigan,UCLA,2026-11-21,REG,4.6,49.3,0.608,4.6,49.3,0.608,,,,,,,,,,,,,,,,,,,,,,,,,,,,,,,,,,,,,,
2026,12,Michigan State,Oregon,2026-11-20,REG,-16.6,52.0,0.163,-16.6,52.0,0.163,,,,,,,,,,,,,,,,,,,,,,,,,,,,,,,,,,,,,,
2026,12,Minnesota,Northwestern,2026-11-21,REG,1.0,52.8,0.523,1.0,52.8,0.523,,,,,,,,,,,,,,,,,,,,,,,,,,,,,,,,,,,,,,
2026,12,Missouri,Kentucky,2026-11-21,REG,4.2,50.8,0.597,4.2,50.8,0.597,,,,,,,,,,,,,,,,,,,,,,,,,,,,,,,,,,,,,,
2026,12,Nebraska,Ohio State,2026-11-21,REG,-8.2,55.5,0.313,-8.2,55.5,0.313,,,,,,,,,,,,,,,,,,,,,,,,,,,,,,,,,,,,,,
2026,12,Notre Dame,SMU,2026-11-21,REG,11.0,52.8,0.743,11.0,52.8,0.743,,,,,,,,,,,,,,,,,,,,,,,,,,,,,,,,,,,,,,
2026,12,Oklahoma,Texas A&M,2026-11-21,REG,4.2,43.2,0.597,4.2,43.2,0.597,,,,,,,,,,,,,,,,,,,,,,,,,,,,,,,,,,,,,,
2026,12,Penn State,Rutgers,2026-11-21,REG,14.2,54.6,0.799,14.2,54.6,0.799,,,,,,,,,,,,,,,,,,,,,,,,,,,,,,,,,,,,,,
2026,12,Purdue,Wisconsin,2026-11-21,REG,-8.1,53.2,0.316,-8.1,53.2,0.316,,,,,,,,,,,,,,,,,,,,,,,,,,,,,,,,,,,,,,
2026,12,South Carolina,Georgia,2026-11-21,REG,-14.4,52.4,0.197,-14.4,52.4,0.197,,,,,,,,,,,,,,,,,,,,,,,,,,,,,,,,,,,,,,
2026,12,TCU,Utah,2026-11-21,REG,-4.6,51.7,0.392,-4.6,51.7,0.392,,,,,,,,,,,,,,,,,,,,,,,,,,,,,,,,,,,,,,
2026,12,Tennessee,LSU,2026-11-21,REG,0.8,48.2,0.519,0.8,48.2,0.519,,,,,,,,,,,,,,,,,,,,,,,,,,,,,,,,,,,,,,
2026,12,Texas,Arkansas,2026-11-21,REG,9.9,51.9,0.721,9.9,51.9,0.721,,,,,,,,,,,,,,,,,,,,,,,,,,,,,,,,,,,,,,
2026,12,UCF,Iowa State,2026-11-20,REG,-2.3,47.5,0.446,-2.3,47.5,0.446,,,,,,,,,,,,,,,,,,,,,,,,,,,,,,,,,,,,,,
2026,12,USC,Maryland,2026-11-21,REG,7.8,55.5,0.677,7.8,55.5,0.677,,,,,,,,,,,,,,,,,,,,,,,,,,,,,,,,,,,,,,
2026,12,Virginia,North Carolina,2026-11-21,REG,12.4,49.3,0.768,12.4,49.3,0.768,,,,,,,,,,,,,,,,,,,,,,,,,,,,,,,,,,,,,,
2026,12,Washington,Indiana,2026-11-21,REG,-6.2,51.3,0.356,-6.2,51.3,0.356,,,,,,,,,,,,,,,,,,,,,,,,,,,,,,,,,,,,,,
2026,12,West Virginia,Houston,2026-11-21,REG,-8.7,54.9,0.305,-8.7,54.9,0.305,,,,,,,,,,,,,,,,,,,,,,,,,,,,,,,,,,,,,,
2026,13,Alabama,Auburn,2026-11-28,REG,8.5,49.8,0.692,8.5,49.8,0.692,,,,,,,,,,,,,,,,,,,,,,,,,,,,,,,,,,,,,,
2026,13,Arizona,Arizona State,2026-11-28,REG,12.7,46.8,0.774,12.7,46.8,0.774,,,,,,,,,,,,,,,,,,,,,,,,,,,,,,,,,,,,,,
2026,13,Arkansas,LSU,2026-11-28,REG,-11.2,49.0,0.255,-11.2,49.0,0.255,,,,,,,,,,,,,,,,,,,,,,,,,,,,,,,,,,,,,,
2026,13,BYU,Cincinnati,2026-11-28,REG,7.0,57.3,0.66,7.0,57.3,0.66,,,,,,,,,,,,,,,,,,,,,,,,,,,,,,,,,,,,,,
2026,13,California,Pittsburgh,2026-11-28,REG,-10.2,47.9,0.273,-10.2,47.9,0.273,,,,,,,,,,,,,,,,,,,,,,,,,,,,,,,,,,,,,,
2026,13,Clemson,South Carolina,2026-11-28,REG,8.0,48.3,0.681,8.0,48.3,0.681,,,,,,,,,,,,,,,,,,,,,,,,,,,,,,,,,,,,,,
2026,13,Colorado,UCF,2026-11-28,REG,-2.5,45.8,0.44,-2.5,45.8,0.44,,,,,,,,,,,,,,,,,,,,,,,,,,,,,,,,,,,,,,
2026,13,Florida State,Florida,2026-11-27,REG,-4.3,58.7,0.4,-4.3,58.7,0.4,,,,,,,,,,,,,,,,,,,,,,,,,,,,,,,,,,,,,,
2026,13,Georgia,Georgia Tech,2026-11-28,REG,16.3,54.8,0.831,16.3,54.8,0.831,,,,,,,,,,,,,,,,,,,,,,,,,,,,,,,,,,,,,,
2026,13,Houston,Baylor,2026-11-28,REG,6.1,52.2,0.642,6.1,52.2,0.642,,,,,,,,,,,,,,,,,,,,,,,,,,,,,,,,,,,,,,
2026,13,Indiana,Purdue,2026-11-28,REG,30.4,58.4,0.963,30.4,58.4,0.963,,,,,,,,,,,,,,,,,,,,,,,,,,,,,,,,,,,,,,
2026,13,Iowa,Nebraska,2026-11-27,REG,5.4,51.4,0.626,5.4,51.4,0.626,,,,,,,,,,,,,,,,,,,,,,,,,,,,,,,,,,,,,,
2026,13,Iowa State,Kansas State,2026-11-28,REG,-1.3,51.5,0.47,-1.3,51.5,0.47,,,,,,,,,,,,,,,,,,,,,,,,,,,,,,,,,,,,,,
2026,13,Kentucky,Louisville,2026-11-28,REG,-1.5,53.3,0.466,-1.5,53.3,0.466,,,,,,,,,,,,,,,,,,,,,,,,,,,,,,,,,,,,,,
2026,13,Maryland,Penn State,2026-11-28,REG,-9.6,50.2,0.285,-9.6,50.2,0.285,,,,,,,,,,,,,,,,,,,,,,,,,,,,,,,,,,,,,,
2026,13,Miami,Boston College,2026-11-28,REG,20.9,51.9,0.891,20.9,51.9,0.891,,,,,,,,,,,,,,,,,,,,,,,,,,,,,,,,,,,,,,
2026,13,Missouri,Oklahoma,2026-11-28,REG,4.1,43.0,0.595,4.1,43.0,0.595,,,,,,,,,,,,,,,,,,,,,,,,,,,,,,,,,,,,,,
2026,13,North Carolina,NC State,2026-11-28,REG,0.4,54.1,0.509,0.4,54.1,0.509,,,,,,,,,,,,,,,,,,,,,,,,,,,,,,,,,,,,,,
2026,13,Northwestern,Illinois,2026-11-28,REG,2.3,57.3,0.554,2.3,57.3,0.554,,,,,,,,,,,,,,,,,,,,,,,,,,,,,,,,,,,,,,
2026,13,Ohio State,Michigan,2026-11-28,REG,11.0,50.8,0.741,11.0,50.8,0.741,,,,,,,,,,,,,,,,,,,,,,,,,,,,,,,,,,,,,,
2026,13,Oklahoma State,Kansas,2026-11-28,REG,1.3,51.7,0.53,1.3,51.7,0.53,,,,,,,,,,,,,,,,,,,,,,,,,,,,,,,,,,,,,,
2026,13,Ole Miss,Mississippi State,2026-11-27,REG,3.2,57.8,0.576,3.2,57.8,0.576,,,,,,,,,,,,,,,,,,,,,,,,,,,,,,,,,,,,,,
2026,13,Oregon,Washington,2026-11-28,REG,5.1,50.4,0.618,5.1,50.4,0.618,,,,,,,,,,,,,,,,,,,,,,,,,,,,,,,,,,,,,,
2026,13,Rutgers,Michigan State,2026-11-28,REG,4.0,54.2,0.593,4.0,54.2,0.593,,,,,,,,,,,,,,,,,,,,,,,,,,,,,,,,,,,,,,
2026,13,Stanford,SMU,2026-11-28,REG,-14.3,54.3,0.199,-14.3,54.3,0.199,,,,,,,,,,,,,,,,,,,,,,,,,,,,,,,,,,,,,,
2026,13,Syracuse,Notre Dame,2026-11-28,REG,-23.7,49.1,0.081,-23.7,49.1,0.081,,,,,,,,,,,,,,,,,,,,,,,,,,,,,,,,,,,,,,
2026,13,Texas A&M,Texas,2026-11-27,REG,-1.5,49.3,0.466,-1.5,49.3,0.466,,,,,,,,,,,,,,,,,,,,,,,,,,,,,,,,,,,,,,
2026,13,Texas Tech,TCU,2026-11-26,REG,10.6,47.6,0.734,10.6,47.6,0.734,,,,,,,,,,,,,,,,,,,,,,,,,,,,,,,,,,,,,,
2026,13,UCLA,USC,2026-11-28,REG,2.5,56.7,0.56,2.5,56.7,0.56,,,,,,,,,,,,,,,,,,,,,,,,,,,,,,,,,,,,,,
2026,13,Utah,West Virginia,2026-11-27,REG,17.8,53.8,0.854,17.8,53.8,0.854,,,,,,,,,,,,,,,,,,,,,,,,,,,,,,,,,,,,,,
2026,13,Vanderbilt,Tennessee,2026-11-28,REG,-0.6,54.4,0.486,-0.6,54.4,0.486,,,,,,,,,,,,,,,,,,,,,,,,,,,,,,,,,,,,,,
2026,13,Virginia Tech,Virginia,2026-11-28,REG,-7.4,50.9,0.332,-7.4,50.9,0.332,,,,,,,,,,,,,,,,,,,,,,,,,,,,,,,,,,,,,,
2026,13,Wake Forest,Duke,2026-11-28,REG,-3.4,55.8,0.421,-3.4,55.8,0.421,,,,,,,,,,,,,,,,,,,,,,,,,,,,,,,,,,,,,,
2026,13,Wisconsin,Minnesota,2026-11-27,REG,0.7,47.4,0.518,0.7,47.4,0.518,,,,,,,,,,,,,,,,,,,,,,,,,,,,,,,,,,,,,,
